<?xml version="1.0"?>

<!--
  RSS 2.0 at Harvard Law: http://cyber.law.harvard.edu/rss/rss.html
-->
<rss version="2.0">

   <channel>
   
      <!--
        ===================================================================================
        Required channel elements:
        ~~~~~~~~~~~~~~~~~~~~~~~~~
        title, link and description.
        ===================================================================================
      -->
      
      <!--
        The name of the channel. It's how people refer to your service. If you have an HTML
        website that contains the same information as your RSS file, the title of your
        channel should be the same as the title of your website.
      -->
      <title>Cabinet de recrutement</title>

      <!--
        The URL to the HTML website corresponding to the channel.
      -->
      <link>http://localhost:8080/CabinetRecrutement_Web/template.jsp</link>

      <!--
        Phrase or sentence describing the channel.
      -->
      <description>
        Fil rouge : gestion d'un cabinet de recrutement. Flux RSS listant les offres d'emploi.
      </description>
      
      <!--
        ===================================================================================
        Optional channel elements:
        ~~~~~~~~~~~~~~~~~~~~~~~~~
        language, copyright, managingEditor, webMaster, pubDate, lastBuildDate, category,
        generator, docs, cloud, ttl, image, rating, textInput, skipHours and skipDays.
        ===================================================================================
      -->

      <!--
        The publication date for the content in the channel. For example, the New York Times
        publishes on a daily basis, the publication date flips once every 24 hours. That's
        when the pubDate of the channel changes. All date-times in RSS conform to the Date
        and Time Specification of RFC 822 (http://asg.web.cmu.edu/rfc/rfc822.html), with the
        exception that the year may be expressed with two characters or four characters
        (four preferred).
      -->
      <pubDate>Sat, 9 Jul 2011 07:00:00 GMT</pubDate>
      
      <!--
        Specifies a GIF, JPEG or PNG image that can be displayed with the channel which
        contains three required (url, title and link) and three optional sub-elements
        (width, height and description).
      -->
      <image>

	      <!--
	        URL of a GIF, JPEG or PNG image that represents the channel.
	      -->
        <url>http://localhost:8080/CabinetRecrutement_Web/images/petite_loupe.png</url>
        
        <!--
          Describes the image, it's used in the ALT attribute of the HTML <img> tag when
          the channel is rendered in HTML. 
        -->
        <title>Cabinet de recrutement</title>
        
        <!--
          URL of the site, when the channel is rendered, the image is a link to the site.
          (Note, in practice the image <title> and <link> should have the same value as the
          channel's <title> and <link>. 
        -->
        <link>http://localhost:8080/CabinetRecrutement_Web/template.jsp</link>
        
      </image>

     <!--
       A channel may contain any number of <item>s. An item may represent a "story" much
       like a story in a newspaper or magazine; if so its description is a synopsis of the
       story, and the link points to the full story. An item may also be complete in
       itself, if so, the description contains the text (entity-encoded HTML is allowed;
       see examples), and the link and title may be omitted. All elements of an item are
       optional, however at least one of title or description must be present. 
     -->
     <item>
       
       <!--
         The title of the item.
       -->
       <title>CDD Secrétaire en gestion financière (TÉLÉCOM Bretagne)</title>
       
       <!--
         The URL of the item.
       -->
       <link>http://localhost:8080/CabinetRecrutement_Web/template.jsp?action=infos_offre&amp;id=2</link>
       
       <!--
         The item synopsis.
       -->
       <description>
         Institut de rattachement : INSIS (Institut des sciences de l'ingénierie et des systèmes)&lt;br/&gt;
         &lt;br/&gt;
         Institut secondaire : INS2I (Institut des sciences informatiques et de leurs interactions)&lt;br/&gt;
         &lt;br/&gt;
         B.A.P. : J&lt;br/&gt;
         &lt;br/&gt;
         CODE UNITE : 3192&lt;br/&gt;
         &lt;br/&gt;
         EMPLOI-TYPE : Secrétaire en gestion financière et comptable&lt;br/&gt;
         &lt;br/&gt;
         TITRE-FONCTION : Secrétaire en gestion financière, comptable et administrative&lt;br/&gt;
       </description>
       
       <!--
         Describes a media object that is attached to the item.
       -->
       <enclosure url="http://localhost:8080/CabinetRecrutement_Web/images/petite_loupe.png" type="image/png" />
       
       <!--
         Its value is a date, indicating when the item was published.
       -->
       <pubDate>Tue, 03 Jun 2003 09:39:21 GMT</pubDate>
       
     </item>

      <item>
         <title>CDD jeune ingénieur (TÉLÉCOM Bretagne)</title>
         <link>http://localhost:8080/CabinetRecrutement_Web/template.jsp?action=infos_offre&amp;id=1</link>
         <description>
           CDD jeune ingénieur : ingénierie des modèles, architecture des systèmes.
           Le département Informatique de Télécom Bretagne à Brest
           (http://www.telecom-bretagne.eu/) recrute sur contrat à durée déterminée un
           jeune ingénieur.&lt;br/&gt;
           &lt;br/&gt;
           La mission porte sur le une étude de l'optimisation du processus d'ingénierie
           des interfaces (systèmes, sous-systèmes, composants). Les applications cibles
           incluent notamment les systèmes temps-réel.&lt;br/&gt;
           &lt;br/&gt;
           Début du contrat : octobre 2011&lt;br/&gt;
           Durée du contrat : 4 à 6 mois&lt;br/&gt;
           Formation requise : bac+5, diplômé en 2009 - 2011&lt;br/&gt;
           Rémunération : 2 583 € bruts mensuels&lt;br/&gt;
         </description>
         <enclosure url="http://localhost:8080/CabinetRecrutement_Web/images/petite_loupe.png" type="image/png" />
         <pubDate>Tue, 03 Jun 2003 09:39:21 GMT</pubDate>
      </item>

   </channel>

</rss>